url,date
https://x.com/nyoru_v/status/1886801839901040745,2025-02-05
https://x.com/m0kehiko/status/1886555878125654512,2025-02-04
https://x.com/wei_web_arai/status/1885492008489541964,2025-02-01
https://x.com/m0kehiko/status/1885160921586364515,2025-01-31
https://x.com/km33B/status/1877736460897423362,2025-02-03
https://x.com/notudra/status/1882001233197818208,2025-02-03
https://x.com/kemomimi_oukoku/status/1863519329436029090,2025-02-03
https://x.com/HyperspaceZeus/status/1834174318953243103,2025-02-03
https://x.com/hinanagi_ene/status/1885616868993663286,2025-02-03
https://x.com/HyperspaceZeus/status/1841030030593573152,2025-02-03
https://x.com/GUMIusagi02/status/1838783292344275353,2025-02-03
https://x.com/tsubaki812/status/1838117309761925585,2025-02-03
https://x.com/km33B/status/1873656064203497746,2025-02-03
https://x.com/km33B/status/1885255606854090888,2025-02-03
